<?xml version="1.0"?>
<doc>
    <assembly>
        <name>DijkstraTest2</name>
    </assembly>
    <members>
        <member name="F:DijkstraTest2.Form1.components">
            <summary>
            Required designer variable.
            </summary>
        </member>
        <member name="M:DijkstraTest2.Form1.Dispose(System.Boolean)">
            <summary>
            Clean up any resources being used.
            </summary>
            <param name="disposing">true if managed resources should be disposed; otherwise, false.</param>
        </member>
        <member name="M:DijkstraTest2.Form1.InitializeComponent">
            <summary>
            Required method for Designer support - do not modify
            the contents of this method with the code editor.
            </summary>
        </member>
        <member name="M:DijkstraTest2.Program.Main">
            <summary>
            The main entry point for the application.
            </summary>
        </member>
        <member name="T:DijkstraTest2.Properties.Resources">
            <summary>
              A strongly-typed resource class, for looking up localized strings, etc.
            </summary>
        </member>
        <member name="P:DijkstraTest2.Properties.Resources.ResourceManager">
            <summary>
              Returns the cached ResourceManager instance used by this class.
            </summary>
        </member>
        <member name="P:DijkstraTest2.Properties.Resources.Culture">
            <summary>
              Overrides the current thread's CurrentUICulture property for all
              resource lookups using this strongly typed resource class.
            </summary>
        </member>
        <member name="P:DijkstraTest2.Properties.Resources.ban_do_cac_quan_tphcm">
            <summary>
              Looks up a localized resource of type System.Drawing.Bitmap.
            </summary>
        </member>
        <member name="P:DijkstraTest2.Properties.Resources.ban_do_cac_quan_tphcm_OFFICIAL">
            <summary>
              Looks up a localized resource of type System.Drawing.Bitmap.
            </summary>
        </member>
        <member name="P:DijkstraTest2.Properties.Resources.ban_do_cac_quan_tphcm1">
            <summary>
              Looks up a localized resource of type System.Drawing.Bitmap.
            </summary>
        </member>
        <member name="P:DijkstraTest2.Properties.Resources.d1768c09a79fe3ba31c6e5a84c014ad8">
            <summary>
              Looks up a localized resource of type System.Drawing.Bitmap.
            </summary>
        </member>
    </members>
</doc>
